Date,SGDCHF=X,SGDCNY=X,SGDEUR=X,SGDGBP=X,SGDHKD=X,SGDJPY=X,SGDUSD=X
2005-09-01,0.7643100023269653,4.783199787139893,,0.33476999402046204,4.583199977874756,67.06900024414062,0.591191291809082
2005-10-01,0.7609599828720093,4.763500213623047,,0.33360999822616577,4.574999809265137,68.70099639892578,0.5902490615844727
2005-11-01,0.7771900296211243,4.763700008392334,,0.34154999256134033,4.584000110626221,70.76000213623047,0.5916459560394287
2005-12-01,0.7902799844741821,4.842899799346924,,0.34887000918388367,4.660999774932861,70.9520034790039,0.6015399098396301
2006-01-01,0.7874299883842468,4.958600044250488,,0.34615999460220337,4.776400089263916,72.2490005493164,0.6159911155700684
2006-02-01,0.8090699911117554,4.948599815368652,,0.351749986410141,4.787199974060059,71.66000366210938,0.6172458529472351
2006-03-01,0.8069400191307068,4.948800086975098,0.5105199813842773,0.35618001222610474,4.799799919128418,72.8499984741211,0.6189650893211365
2006-04-01,0.7840200066566467,4.840799808502197,0.5010300278663635,0.3467499911785126,4.905300140380859,71.91000366210938,0.6327111721038818
2006-05-01,0.7713099718093872,5.077199935913086,0.49380001425743103,0.3381800055503845,4.910600185394287,71.2300033569336,0.6332319974899292
2006-06-01,0.7732300162315369,5.036600112915039,0.49380001425743103,0.34182000160217285,4.902500152587891,72.27999877929688,0.631991446018219
2006-07-01,0.7793499827384949,5.035999774932861,0.4957900047302246,0.33901000022888184,4.922299861907959,72.5199966430664,0.6335930824279785
2006-08-01,0.7826300263404846,5.041999816894531,0.49617999792099,0.33399999141693115,4.943399906158447,74.58999633789062,0.6357279419898987
2006-09-01,0.7886300086975098,4.976900100708008,0.49674999713897705,0.33618998527526855,4.911399841308594,74.30999755859375,0.6298419237136841
2006-10-01,0.7989500164985657,5.0543999671936035,0.5030900239944458,0.3365899920463562,4.996200084686279,75.01000213623047,0.6425496339797974
2006-11-01,0.7778099775314331,5.082799911499023,0.49007999897003174,0.33030998706817627,5.052000045776367,75.12999725341797,0.6497303247451782
2006-12-01,0.7950400114059448,4.8846001625061035,0.49362999200820923,0.33296999335289,5.067399978637695,77.22000122070312,0.6523582935333252
2007-01-01,0.8104000091552734,5.041999816894531,0.4999000132083893,0.3315800130367279,5.081900119781494,78.61000061035156,0.6511688828468323
2007-02-01,0.797029972076416,5.049200057983398,0.49406999349594116,0.33278998732566833,5.106800079345703,77.61000061035156,0.6538939476013184
2007-03-01,0.800849974155426,4.8790998458862305,0.493149995803833,0.3347199857234955,5.147200107574463,77.66999816894531,0.6591523289680481
2007-04-01,0.7937899827957153,5.0640997886657715,0.4818800091743469,0.328900009393692,5.147200107574463,78.55999755859375,0.6581545472145081
2007-05-01,0.801110029220581,4.990699768066406,0.48590999841690063,0.33024001121520996,5.105400085449219,79.62000274658203,0.6541078090667725
2007-06-01,0.79899001121521,4.87060022354126,0.48295000195503235,0.3262700140476227,5.046199798583984,80.44000244140625,0.6533385515213013
2007-07-01,0.7919700145721436,4.997099876403809,0.4820399880409241,0.32482001185417175,5.159800052642822,78.08000183105469,0.6596305966377258
2007-08-01,0.7919099926948547,4.940999984741211,0.480679988861084,0.325080007314682,5.114200115203857,75.86000061035156,0.6562110185623169
2007-09-01,0.7822700142860413,5.024700164794922,0.4713200032711029,0.32879000902175903,5.230800151824951,77.2300033569336,0.6743088364601135
2007-10-01,0.8001999855041504,5.1458001136779785,0.47701001167297363,0.33184999227523804,5.349599838256836,79.66000366210938,0.6904169917106628
2007-11-01,0.7802199721336365,5.10699987411499,0.4706999957561493,0.33621999621391296,5.367499828338623,76.7699966430664,0.6907508373260498
2007-12-01,0.7879800200462341,5.025300025939941,0.47609999775886536,0.3490999937057495,5.422999858856201,77.55999755859375,0.6949270367622375
2008-01-01,0.7624800205230713,5.051300048828125,0.47450000047683716,0.35436001420021057,5.500500202178955,74.94000244140625,0.7057162523269653
2008-02-01,0.7465599775314331,5.093200206756592,0.47214001417160034,0.36017000675201416,5.581200122833252,74.30999755859375,0.716794490814209
2008-03-01,0.7216899991035461,5.093400001525879,0.4602400064468384,0.3655399978160858,5.645199775695801,72.41000366210938,0.7256367206573486
2008-04-01,0.762470006942749,5.14139986038208,0.47145000100135803,0.37049001455307007,5.740900039672852,76.54000091552734,0.7368653416633606
2008-05-01,0.764710009098053,5.047999858856201,0.4710099995136261,0.3703399896621704,5.654399871826172,77.41999816894531,0.7337295413017273
2008-06-01,0.7512800097465515,,0.46696001291275024,0.36899998784065247,5.735499858856201,78.05000305175781,0.7359434366226196
2008-07-01,0.765720009803772,,0.46862998604774475,0.3684200048446655,5.701499938964844,78.79000091552734,0.7312614321708679
2008-08-01,0.7753499746322632,,0.4803299903869629,0.3899199962615967,5.509200096130371,76.52999877929688,0.7062146663665771
2008-09-01,0.7814900279045105,4.756800174713135,0.49432000517845154,0.3910500109195709,5.412300109863281,73.9000015258789,0.6972528100013733
2008-10-01,0.7823799848556519,4.601399898529053,0.5289300084114075,0.42166000604629517,5.2204999923706055,66.26000213623047,0.6781960129737854
2008-11-01,0.8027499914169312,4.448800086975098,0.5213500261306763,0.4304400086402893,5.123000144958496,63.0,0.6611570119857788
2008-12-01,0.7459999918937683,4.666900157928467,0.4992299973964691,0.472790002822876,5.396399974822998,62.650001525878906,0.6992518305778503
2009-01-01,0.7685700058937073,4.429500102996826,0.5166400074958801,0.4500199854373932,5.0777997970581055,59.43000030517578,0.6624709963798523
2009-02-01,0.7543399930000305,4.411900043487549,0.510129988193512,0.45333001017570496,5.006499767303467,63.0099983215332,0.6470816731452942
2009-03-01,0.7482500076293945,4.4857001304626465,0.49570998549461365,0.45778998732566833,5.09060001373291,65.0,0.6572461128234863
2009-04-01,0.7686899900436401,4.5904998779296875,0.5092899799346924,0.4557900130748749,5.223299980163574,66.51000213623047,0.674217939376831
2009-05-01,0.7398999929428101,4.7220001220703125,0.49028998613357544,0.4279699921607971,5.368299961090088,65.98999786376953,0.6928566694259644
2009-06-01,0.7499099969863892,4.702899932861328,0.49173998832702637,0.41920000314712524,5.351200103759766,66.5,0.6908462643623352
2009-07-01,0.741890013217926,4.742099761962891,0.4869300127029419,0.4177500009536743,5.382299900054932,65.70999908447266,0.6950719356536865
2009-08-01,0.7340700030326843,4.731100082397461,0.483489990234375,0.42559999227523804,5.37529993057251,64.4000015258789,0.6938180923461914
2009-09-01,0.7345200181007385,4.829100131988525,0.4844000041484833,0.44339999556541443,5.499899864196777,63.779998779296875,0.7100255489349365
2009-10-01,0.7323200106620789,4.803299903869629,0.48451998829841614,0.43389999866485596,5.52810001373291,64.2699966430664,0.7145919799804688
2009-11-01,0.7257599830627441,4.912799835205078,0.4809499979019165,0.439520001411438,5.606599807739258,62.369998931884766,0.7235890030860901
2009-12-01,0.7368800044059753,4.785299777984619,0.4965499937534332,0.4396600127220154,5.519400119781494,66.11000061035156,0.7123014330863953
2010-01-01,0.7529199719429016,4.777900218963623,0.5116099715232849,0.44444000720977783,5.514500141143799,64.05000305175781,0.7103786468505859
2010-02-01,0.7635999917984009,4.7342000007629395,0.521589994430542,0.4685800075531006,5.522600173950195,63.220001220703125,0.7117944359779358
2010-03-01,0.752839982509613,4.8730998039245605,0.5288199782371521,0.47049999237060547,5.546999931335449,66.81999969482422,0.7146838903427124
2010-04-01,0.7859699726104736,4.972300052642822,0.5484600067138672,0.47742000222206116,5.662899971008301,68.44000244140625,0.7299270033836365
2010-05-01,0.8260999917984009,4.863699913024902,0.5809599757194519,0.49140000343322754,5.562099933624268,65.0999984741211,0.7144949436187744
2010-06-01,0.7700099945068359,4.856900215148926,0.5839400291442871,0.47780999541282654,5.563600063323975,63.13999938964844,0.7146430611610413
2010-07-01,0.7651799917221069,4.975299835205078,0.5631300210952759,0.4683400094509125,5.7052001953125,63.4900016784668,0.7356186509132385
2010-08-01,0.756380021572113,5.015100002288818,0.5823799967765808,0.47683000564575195,5.73799991607666,62.310001373291016,0.7379528880119324
2010-09-01,0.7411400079727173,5.063799858093262,0.5565400123596191,0.48010000586509705,5.88640022277832,63.4900016784668,0.7588980793952942
2010-10-01,0.7586399912834167,5.112500190734863,0.5561100244522095,0.4856700003147125,5.945000171661377,62.54999923706055,0.7666947841644287
2010-11-01,0.7580699920654297,5.02869987487793,0.5777699947357178,0.4864799976348877,5.877500057220459,63.77000045776367,0.7570595741271973
2010-12-01,0.7254300117492676,5.099599838256836,0.5831900238990784,0.5026400089263916,6.039000034332275,63.220001220703125,0.7763251662254333
2011-01-01,0.7314000129699707,5.11269998550415,0.5719199776649475,0.49039000272750854,6.047800064086914,63.720001220703125,0.7767894864082336
2011-02-01,0.7281500101089478,5.156599998474121,0.5710399746894836,0.48715999722480774,6.1132001876831055,64.0199966430664,0.7846214175224304
2011-03-01,0.7281500101089478,5.180500030517578,0.5611400008201599,0.4929499924182892,6.168300151824951,65.86000061035156,0.7930213809013367
2011-04-01,0.7112799882888794,5.270999908447266,0.5488799810409546,0.48930999636650085,6.3302998542785645,66.41999816894531,0.8151288032531738
2011-05-01,0.6896499991416931,5.234399795532227,0.5660300254821777,0.49156999588012695,6.3053998947143555,65.55000305175781,0.8110299706459045
2011-06-01,0.6756500005722046,5.219200134277344,0.559939980506897,0.504289984703064,6.309700012207031,65.43000030517578,0.8110299706459045
2011-07-01,0.6663299798965454,5.341700077056885,0.5800099968910217,0.5080000162124634,6.479599952697754,64.61000061035156,0.8318775296211243
2011-08-01,0.6789199709892273,5.283299922943115,0.574150025844574,0.5080500245094299,6.459099769592285,63.52000045776367,0.8293249011039734
2011-09-01,0.6917200088500977,4.945300102233887,0.5671799778938293,0.49397000670433044,6.003499984741211,59.130001068115234,0.7707841992378235
2011-10-01,0.6931399703025818,5.1143999099731445,0.5682500004768372,0.4986799955368042,6.2393999099731445,60.849998474121094,0.8037292957305908
2011-11-01,0.710099995136261,4.918000221252441,0.5782700181007385,0.49399998784065247,6.004300117492676,60.08000183105469,0.7711288928985596
2011-12-01,0.7236999869346619,4.856200218200684,0.5939300060272217,0.49915000796318054,5.981200218200684,59.7599983215332,0.7697044014930725
2012-01-01,0.7296199798583984,5.025000095367432,0.6050699949264526,0.5061799883842468,6.1666998863220215,60.709999084472656,0.795418381690979
2012-02-01,0.7165300250053406,5.040200233459473,0.5943899750709534,0.5031999945640564,6.213099956512451,64.47000122070312,0.8010895252227783
2012-03-01,0.7180500030517578,5.001299858093262,0.59552001953125,0.4955900013446808,6.178199768066406,65.33999633789062,0.7954816818237305
2012-04-01,0.732729971408844,5.094799995422363,0.6099799871444702,0.4961099922657013,6.2677001953125,64.9000015258789,0.8080808520317078
2012-05-01,0.7533000111579895,4.928500175476074,0.6270400285720825,0.5011299848556519,6.026100158691406,61.279998779296875,0.7761564254760742
2012-06-01,0.7498300075531006,4.864200115203857,0.6237900257110596,0.5020800232887268,6.009500026702881,61.900001525878906,0.7904513478279114
2012-07-01,0.7857099771499634,5.110499858856201,0.6540700197219849,0.5103600025177002,6.218500137329102,62.619998931884766,0.8020789623260498
2012-08-01,0.76555997133255,5.0584001541137695,0.6373900175094604,0.5051299929618835,6.184999942779541,62.619998931884766,0.7977662682533264
2012-09-01,0.7664399743080139,5.024499893188477,0.634119987487793,0.5043100118637085,6.313000202178955,63.47999954223633,0.8146838545799255
2012-10-01,0.7643899917602539,5.111599922180176,0.6324700117111206,0.5100200176239014,6.355000019073486,65.31999969482422,0.8201426863670349
2012-11-01,0.7601799964904785,5.096199989318848,0.6313899755477905,0.510699987411499,6.348299980163574,67.27999877929688,0.8194706439971924
2012-12-01,0.7461599707603455,4.953000068664551,0.6179699897766113,0.5057399868965149,6.336699962615967,70.26000213623047,0.8177283406257629
2013-01-01,0.7370499968528748,5.027699947357178,0.5961099863052368,0.5119799971580505,6.274400234222412,73.6240005493164,0.8091465830802917
2013-02-01,0.7509199976921082,5.029200077056885,0.6145099997520447,0.5331299901008606,6.27269983291626,74.65599822998047,0.8088651895523071
2013-03-01,0.7654500007629395,4.882999897003174,0.6288899779319763,0.5300800204277039,6.2530999183654785,75.94000244140625,0.805860161781311
2013-04-01,0.7595900297164917,4.991099834442139,0.6187700033187866,0.5230699777603149,6.289599895477295,79.30000305175781,0.810635507106781
2013-05-01,0.7572299838066101,4.861499786376953,0.6085699796676636,0.5212699770927429,6.162899971008301,80.25,0.7941550612449646
2013-06-01,0.7448999881744385,4.736299991607666,0.6054700016975403,0.5180500149726868,6.111000061035156,78.26000213623047,0.7882705330848694
2013-07-01,0.7316100001335144,4.81790018081665,0.5930500030517578,0.5161799788475037,6.10260009765625,77.12100219726562,0.7873644232749939
2013-08-01,0.7293000221252441,4.688300132751465,0.5869899988174438,0.505050003528595,6.014999866485596,77.0199966430664,0.7849293351173401
2013-09-01,0.7201300263404846,4.871799945831299,0.5892800092697144,0.49187999963760376,6.166900157928467,77.80999755859375,0.7955449819564819
2013-10-01,0.7259399890899658,4.908899784088135,0.5874900221824646,0.5031099915504456,6.251100063323975,79.4219970703125,0.8065231442451477
2013-11-01,0.7217400074005127,4.848299980163574,0.5859900116920471,0.48618999123573303,6.172800064086914,81.41999816894531,0.7964998483657837
2013-12-01,0.7000300288200378,4.7758002281188965,0.5712000131607056,0.47821998596191406,6.1178998947143555,82.77200317382812,0.7892783880233765
2014-01-01,0.7078400254249573,4.747799873352051,0.5782300233840942,0.4752599895000458,6.090099811553955,80.56199645996094,0.7845783233642578
2014-02-01,0.7024999856948853,4.840700149536133,0.5768399834632874,0.4736599922180176,6.137199878692627,80.73300170898438,0.790870189666748
2014-03-01,0.7039700150489807,4.9217000007629395,0.5770999789237976,0.47699999809265137,6.156799793243408,81.66000366210938,0.7940919399261475
2014-04-01,0.7035999894142151,4.978799819946289,0.5764999985694885,0.4733099937438965,6.1753997802734375,81.6709976196289,0.7966286540031433
2014-05-01,0.7139400243759155,4.97790002822876,0.5860599875450134,0.47551000118255615,6.181700229644775,81.08000183105469,0.7970699667930603
2014-06-01,0.7129600048065186,4.971499919891357,0.5863000154495239,0.46963998675346375,6.200699806213379,81.14600372314453,0.8001856803894043
2014-07-01,0.7300400137901306,4.951600074768066,0.5996000170707703,0.47499001026153564,6.224100112915039,82.59500122070312,0.8034322261810303
2014-08-01,0.735509991645813,4.9257001876831055,0.60930997133255,0.482369989156723,6.2042999267578125,83.31999969482422,0.8008649349212646
2014-09-01,0.7461900115013123,4.8196001052856445,0.6182000041007996,0.4830000102519989,6.091899871826172,85.80999755859375,0.784762978553772
2014-10-01,0.7484700083732605,4.7795000076293945,0.6206600069999695,0.489190012216568,6.070099830627441,85.45999908447266,0.7828708291053772
2014-11-01,0.7403799891471863,4.676700115203857,0.6149299740791321,0.489980012178421,5.93149995803833,90.88099670410156,0.7650523781776428
2014-12-01,0.7478799819946289,4.686200141906738,0.6218900084495544,0.4858900010585785,5.867599964141846,90.33999633789062,0.7568075060844421
2015-01-01,0.6786400079727173,4.610599994659424,0.6541100144386292,0.489190012216568,5.730999946594238,87.37999725341797,0.7382302284240723
2015-02-01,0.6991199851036072,4.593200206756592,0.6577200293540955,0.4748600125312805,5.688000202178955,87.96800231933594,0.7335702180862427
2015-03-01,0.7029899954795837,4.504700183868408,0.6709200143814087,0.49063000082969666,5.634200096130371,87.19599914550781,0.7268710136413574
2015-04-01,0.7115399837493896,4.681600093841553,0.6807399988174438,0.49046000838279724,5.863699913024902,89.98999786376953,0.7568590641021729
2015-05-01,0.6992999911308289,4.5970001220703125,0.6764100193977356,0.4839800000190735,5.747499942779541,91.81500244140625,0.7416857481002808
2015-06-01,0.687250018119812,4.600900173187256,0.6613799929618835,0.47189998626708984,5.753600120544434,91.0469970703125,0.7424456477165222
2015-07-01,0.7043399810791016,4.509900093078613,0.6646699905395508,0.4660300016403198,5.638500213623047,90.2300033569336,0.7275267243385315
2015-08-01,0.6820499897003174,4.517899990081787,0.6327499747276306,0.4602600038051605,5.499199867248535,86.06300354003906,0.7097030878067017
2015-09-01,0.6800299882888794,4.451499938964844,0.6222400069236755,0.4620400071144104,5.428199768066406,83.95700073242188,0.700535237789154
2015-10-01,0.7047299742698669,4.503399848937988,0.6482099890708923,0.4622099995613098,5.523600101470947,86.23400115966797,0.7128853797912598
2015-11-01,0.7289599776268005,4.487400054931641,0.6682699918746948,0.4703400135040283,5.4822998046875,86.87699890136719,0.7076889872550964
2015-12-01,0.6983100175857544,4.580699920654297,0.6461300253868103,0.47683000564575195,5.47629976272583,85.11399841308594,0.7069485783576965
2016-01-01,0.7190700173377991,4.604899883270264,0.6483399868011475,0.4927099943161011,5.463500022888184,85.18900299072266,0.7020549178123474
2016-02-01,0.7073400020599365,4.646500110626221,0.6496000289916992,0.5118200182914734,5.518400192260742,80.65799713134766,0.7098138928413391
2016-03-01,0.7141100168228149,4.77810001373291,0.6527400016784668,0.5147500038146973,5.73769998550415,83.12899780273438,0.7401376962661743
2016-04-01,0.7132499814033508,4.809599876403809,0.6491000056266785,0.5089600086212158,5.769100189208984,80.28099822998047,0.7436000108718872
2016-05-01,0.7187600135803223,4.765100002288818,0.6502400040626526,0.4953700006008148,5.631899833679199,80.35700225830078,0.7250422239303589
2016-06-01,0.727150022983551,4.921899795532227,0.6674200296401978,0.5515999794006348,5.7606000900268555,76.31500244140625,0.7426441311836243
2016-07-01,0.7222999930381775,4.94290018081665,0.6670200228691101,0.5636699795722961,5.779300212860107,76.2300033569336,0.7450454235076904
2016-08-01,0.7211099863052368,4.875500202178955,0.6574199795722961,0.5600000023841858,5.688499927520752,75.45800018310547,0.7335465550422668
2016-09-01,0.7077500224113464,4.854700088500977,0.6529499888420105,0.5649099946022034,5.6803998947143555,74.14900207519531,0.7328047752380371
2016-10-01,0.7099400162696838,4.814000129699707,0.6541900038719177,0.5885099768638611,5.573500156402588,75.1729965209961,0.7190261483192444
2016-11-01,0.7100600004196167,4.835100173950195,0.6588900089263916,0.5615800023078918,5.44189977645874,78.92400360107422,0.7018627524375916
2016-12-01,0.7037400007247925,4.779099941253662,0.6565999984741211,0.559660017490387,5.356200218200684,80.73999786376953,0.6911805272102356
2017-01-01,0.7000600099563599,4.8379998207092285,0.6573699712753296,0.5632200241088867,5.45959997177124,80.03500366210938,0.7041212320327759
2017-02-01,0.7183600068092346,4.882400035858154,0.6719099879264832,0.5720199942588806,5.521500110626221,80.19629669189453,0.711601972579956
2017-03-01,0.7158799767494202,4.923999786376953,0.6693900227546692,0.5735099911689758,5.560100078582764,79.99600219726562,0.7157120108604431
2017-04-01,0.711650013923645,4.915800094604492,0.6563100218772888,0.5535500049591064,5.56689977645874,79.66300201416016,0.715896487236023
2017-05-01,0.7039399743080139,4.939899921417236,0.6453700065612793,0.5631200075149536,5.62060022354126,79.93900299072266,0.7217090129852295
2017-06-01,0.6929299831390381,4.91540002822876,0.6336299777030945,0.5572999715805054,5.658699989318848,81.2030029296875,0.7254788279533386
2017-07-01,0.7141199707984924,4.959799766540527,0.6271600127220154,0.560479998588562,5.752399921417236,81.41699981689453,0.7369251251220703
2017-08-01,0.7095800042152405,4.8506999015808105,0.6190000176429749,0.5698599815368652,5.760900020599365,81.31269836425781,0.7366482615470886
2017-09-01,0.7144500017166138,4.896299839019775,0.6244900226593018,0.5494499802589417,5.749100208282471,82.78199768066406,0.736208975315094
2017-10-01,0.7311999797821045,4.877500057220459,0.630810022354126,0.5563499927520752,5.7322001457214355,83.05999755859375,0.7352400422096252
2017-11-01,0.7301999926567078,4.899600028991699,0.6262099742889404,0.5531600117683411,5.795400142669678,83.10340118408203,0.7425559163093567
2017-12-01,0.7285199761390686,4.848700046539307,0.6226999759674072,0.5529099702835083,5.8394999504089355,84.23049926757812,0.7479431629180908
2018-01-01,0.7124199867248535,4.812099933624268,0.6142100095748901,0.5384399890899658,5.960299968719482,82.8759994506836,0.7623810768127441
2018-02-01,0.709309995174408,4.766499996185303,0.6172900199890137,0.5428799986839294,5.909800052642822,81.10099792480469,0.755098819732666
2018-03-01,0.7273300290107727,4.796000003814697,0.6185799837112427,0.5439199805259705,5.98859977722168,81.03450012207031,0.7634170055389404
2018-04-01,0.7464399933815002,4.781099796295166,0.6228600144386292,0.5484799742698669,5.9268999099731445,82.40299987792969,0.755743682384491
2018-05-01,0.7382799983024597,4.787600040435791,0.6400799751281738,0.5621200203895569,5.857399940490723,81.18000030517578,0.7468036413192749
2018-06-01,0.7289100289344788,4.844200134277344,0.6319199800491333,0.5553100109100342,5.734799861907959,80.73300170898438,0.730833888053894
2018-07-01,0.7259699702262878,5.001699924468994,0.6273800134658813,0.5592399835586548,5.764699935913086,81.53900146484375,0.7348240613937378
2018-08-01,0.7082800269126892,4.998600006103516,0.6268399953842163,0.5619800090789795,5.73960018157959,81.16300201416016,0.7315288782119751
2018-09-01,0.717989981174469,5.015600204467773,0.6293299794197083,0.5612000226974487,5.726900100708008,83.14199829101562,0.7320108413696289
2018-10-01,0.7255399823188782,5.022299766540527,0.6361200213432312,0.5679100155830383,5.662199974060059,81.5999984741211,0.7221259474754333
2018-11-01,0.7270200252532959,5.061299800872803,0.6406800150871277,0.5709599852561951,5.709199905395508,82.78099822998047,0.7302467823028564
2018-12-01,0.7198399901390076,5.029200077056885,0.6396899819374084,0.5766000151634216,5.730800151824951,80.73999786376953,0.73198401927948
2019-01-01,0.7376999855041504,4.979800224304199,0.6462000012397766,0.5660099983215332,5.821100234985352,80.91300201416016,0.7427765130996704
2019-02-01,0.7420200109481812,4.95389986038208,0.6517699956893921,0.5568900108337402,5.821899890899658,82.22699737548828,0.7418892979621887
2019-03-01,0.7344599962234497,4.943699836730957,0.6565999984741211,0.5655500292778015,5.790299892425537,81.76200103759766,0.7381163239479065
2019-04-01,0.7490000128746033,4.939799785614014,0.6566900014877319,0.5679900050163269,5.761300086975098,82.01460266113281,0.7349698543548584
2019-05-01,0.7295399904251099,4.993599891662598,0.6507999897003174,0.5744900107383728,5.6855998039245605,79.22100067138672,0.7246324419975281
2019-06-01,0.7217699885368347,5.059800148010254,0.6498100161552429,0.5818700194358826,5.773799896240234,79.61799621582031,0.7390982508659363
2019-07-01,0.722350001335144,5.01669979095459,0.6539499759674072,0.5999799966812134,5.708499908447266,79.21399688720703,0.7297831773757935
2019-08-01,0.7103899717330933,5.143099784851074,0.6514400243759155,0.5924500226974487,5.652599811553955,76.69200134277344,0.7206271886825562
2019-09-01,0.7173900008201599,5.14870023727417,0.6614500284194946,0.5887799859046936,5.673900127410889,78.10780334472656,0.7241129279136658
2019-10-01,0.7266820073127747,5.1761298179626465,0.6584579944610596,0.5693100094795227,5.758218765258789,79.90899658203125,0.7349158525466919
2019-11-01,0.7309399843215942,5.135793209075928,0.6634380221366882,0.5646589994430542,5.721699237823486,80.18399810791016,0.731330931186676
2019-12-01,0.7185670137405396,5.177451133728027,0.6617699861526489,0.565559983253479,5.774792194366455,80.74299621582031,0.7417407035827637
2020-01-01,0.7114689946174622,5.085738182067871,0.6654639840126038,0.5608500242233276,5.7006001472473145,79.91200256347656,0.734025776386261
2020-02-01,0.6944900155067444,5.011356830596924,0.6518700122833252,0.5595999956130981,5.587800025939941,78.61199951171875,0.7179266214370728
2020-03-01,0.6738799810409546,4.977242946624756,0.6363750100135803,0.5674499869346619,5.443999767303467,75.8489990234375,0.702365517616272
2020-04-01,0.6901429891586304,5.009430885314941,0.6512960195541382,0.5681800246238708,5.491724014282227,75.52330017089844,0.7089684009552002
2020-05-01,0.6800339818000793,5.044375896453857,0.636335015296936,0.572314977645874,5.468071937561035,75.90290069580078,0.707924485206604
2020-06-01,0.6824899911880493,5.075822830200195,0.6380890011787415,0.5829300284385681,5.561600208282471,77.21299743652344,0.7176999449729919
2020-07-01,0.6625499725341797,5.10460090637207,0.6138359904289246,0.5558500289916992,5.650310039520264,76.30750274658203,0.7292669415473938
2020-08-01,0.6653599739074707,5.043199062347412,0.6178299784660339,0.5513200163841248,5.7069501876831055,77.68379974365234,0.7366482615470886
2020-09-01,0.6718829870223999,4.975943088531494,0.6220070123672485,0.5680299997329712,5.662618160247803,77.19180297851562,0.7309941649436951
2020-10-01,0.6700350046157837,4.886288166046143,0.6268060207366943,0.5652909874916077,5.673978805541992,76.53500366210938,0.7320161461830139
2020-11-01,0.6759570240974426,4.907587051391602,0.6244379878044128,0.5607100129127502,5.79396390914917,77.80400085449219,0.7476467490196228
2020-12-01,0.6600199937820435,4.924790859222412,0.6141679883003235,0.5544700026512146,5.858799934387207,77.93499755859375,0.7558921575546265
2021-01-01,0.6700969934463501,4.833127021789551,0.6195399761199951,0.5483959913253784,5.830900192260742,78.74150085449219,0.7529553771018982
2021-02-01,0.6817399859428406,4.855116844177246,0.6190879940986633,0.5389959812164307,5.837578773498535,80.08499908447266,0.7506943941116333
2021-03-01,0.6988670229911804,4.871003150939941,0.6331239938735962,0.5399500131607056,5.770145893096924,81.87200164794922,0.7423574328422546
2021-04-01,0.6854550242424011,4.874114036560059,0.6220070123672485,0.5405899882316589,5.855195045471191,82.13600158691406,0.7544892430305481
2021-05-01,0.6801300048828125,4.8081231117248535,0.619862973690033,0.5328500270843506,5.8651227951049805,83.0459976196289,0.7558579444885254
2021-06-01,0.6846330165863037,4.799194812774658,0.624675989151001,0.5368260145187378,5.771288871765137,82.1719970703125,0.7436603307723999
2021-07-01,0.6693500280380249,4.766252040863037,0.6215000152587891,0.5307739973068237,5.742099761962891,80.85399627685547,0.7389180660247803
2021-08-01,0.681734025478363,4.800591945648193,0.6300600171089172,0.540149986743927,5.786799907684326,81.71700286865234,0.7433230876922607
2021-09-01,0.68607497215271,4.746312141418457,0.6329600214958191,0.5468900203704834,5.716800212860107,82.2030029296875,0.7344624400138855
2021-10-01,0.6780959963798523,4.747532844543457,0.6366829872131348,0.5412570238113403,5.7852277755737305,84.51100158691406,0.7418838143348694
2021-11-01,0.6743460297584534,4.661229133605957,0.6470299959182739,0.5487800240516663,5.699100017547607,83.15899658203125,0.7308018207550049
2021-12-01,0.6758180260658264,4.707108020782471,0.6531199812889099,0.5478600263595581,5.766692161560059,85.09300231933594,0.7396942377090454
2022-01-01,0.6866499781608582,4.662476062774658,0.6612399816513062,0.5501899719238281,5.747300148010254,84.9990005493164,0.7375229597091675
2022-02-01,0.681780993938446,4.611950874328613,0.65802001953125,0.5501499772071838,5.7441630363464355,85.04000091552734,0.7358134984970093
2022-03-01,0.6824049949645996,4.685934066772461,0.6623169779777527,0.5626999735832214,5.7860307693481445,90.20600128173828,0.7393551468849182
2022-04-01,0.7009050250053406,4.770936965942383,0.6862949728965759,0.5747650265693665,5.657100200653076,94.33799743652344,0.7233743667602539
2022-05-01,0.7009400129318237,4.866269111633301,0.6789900064468384,0.5784000158309937,5.741134166717529,93.4749984741211,0.7317429780960083
2022-06-01,0.6850289702415466,4.801846981048584,0.6872519850730896,0.5918700098991394,5.632999897003174,98.06300354003906,0.7180606722831726
2022-07-01,0.6918299794197083,4.883839130401611,0.7111520171165466,0.5942339897155762,5.689621925354004,97.41500091552734,0.727786123752594
2022-08-01,0.6966400146484375,4.93702507019043,0.7134910225868225,0.6134600043296814,5.614256858825684,99.23500061035156,0.7155122756958008
2022-09-01,0.6811500191688538,4.972060203552246,0.7107470035552979,0.6255199909210205,5.484032154083252,100.90299987792969,0.6986899971961975
2022-10-01,0.7056710124015808,5.1332550048828125,0.7114350199699402,0.6107500195503235,5.558800220489502,104.68399810791016,0.7083005905151367
2022-11-01,0.6939539909362793,5.198523998260498,0.7041559815406799,0.6085600256919861,5.678500175476074,100.87300109863281,0.7270929217338562
2022-12-01,0.6913769841194153,5.175480842590332,0.6950719952583313,0.616523027420044,5.826773166656494,97.81800079345703,0.7462129592895508
2023-01-01,0.7038289904594421,5.127278804779053,0.700996994972229,0.6158400177955627,5.959400177001953,99.2509994506836,0.7609191536903381
2023-02-01,0.6946499943733215,5.149290084838867,0.6997359991073608,0.6154800057411194,5.823699951171875,101.17900085449219,0.7426661252975464
2023-03-01,0.6877650022506714,5.168403148651123,0.6904929876327515,0.6078600287437439,5.9105000495910645,100.29299926757812,0.7530517578125
2023-04-01,0.672249972820282,5.166360855102539,0.6723589897155762,0.5960190296173096,5.876555919647217,100.09500122070312,0.749119758605957
2023-05-01,0.6705290079116821,5.234591960906982,0.6897600293159485,0.5963900089263916,5.798999786376953,103.47799682617188,0.7403075098991394
2023-06-01,0.6629779934883118,5.340548038482666,0.6784200072288513,0.5844900012016296,5.779399871826172,106.75599670410156,0.7373652458190918
2023-07-01,0.6533190011978149,5.294690132141113,0.6812819838523865,0.5842999815940857,5.855800151824951,105.71900177001953,0.7511568069458008
2023-08-01,0.6505780220031738,5.311368942260742,0.6777729988098145,0.5825470089912415,5.812795162200928,108.23999786376953,0.7409218549728394
2023-09-01,0.669547975063324,5.240326881408691,0.6911330223083496,0.5998439788818359,5.731433868408203,109.30999755859375,0.7322788834571838
2023-10-01,0.6608999967575073,5.2500691413879395,0.6898930072784424,0.6022099852561951,5.72894811630249,109.24600219726562,0.732718825340271
2023-11-01,0.6553000211715698,5.3122029304504395,0.6837999820709229,0.5910400152206421,5.855978965759277,110.33499908447266,0.7505084872245789
2023-12-01,0.633243978023529,5.3333330154418945,0.6766359806060791,0.5948839783668518,5.837408065795898,107.09040069580078,0.7574610114097595
2024-01-01,0.6434440016746521,5.297093868255615,0.6884700059890747,0.5880299806594849,5.834499835968018,110.01499938964844,0.7466586828231812
2024-02-01,0.6528409719467163,5.2742438316345215,0.6854100227355957,0.5867199897766113,5.815361976623535,111.9260025024414,0.7429640889167786
2024-03-01,0.6663230061531067,5.224934101104736,0.686152994632721,0.5866479873657227,5.70631217956543,112.177001953125,0.7415096759796143
2024-04-01,0.6696540117263794,5.20485782623291,0.6860780119895935,0.5853700041770935,5.753194808959961,114.78399658203125,0.7352616786956787
2024-05-01,0.6690000295639038,5.248032093048096,0.6833869814872742,0.5817800164222717,5.7891998291015625,116.23699951171875,0.7409054040908813
2024-06-01,0.662585973739624,5.356653213500977,0.6873800158500671,0.5828189849853516,5.754700183868408,118.31500244140625,0.7375174760818481
2024-07-01,0.657230019569397,5.403308868408203,0.6886579990386963,0.5804299712181091,5.820655822753906,113.76200103759766,0.7452175617218018
2024-08-01,0.6501200199127197,5.425827980041504,0.6927800178527832,0.5826830267906189,5.985000133514404,111.22000122070312,0.7655209302902222
2024-09-01,0.6569600105285645,5.475086212158203,0.6987630128860474,0.5835400223731995,6.068999767303467,110.9385986328125,0.7808229923248291
2024-10-01,0.6553130149841309,5.3813371658325195,0.6964700222015381,0.5835899710655212,5.877604007720947,115.822998046875,0.7564640045166016
2024-11-01,0.6580380201339722,5.405523777008057,0.7051190137863159,0.5857890248298645,5.805572986602783,112.66560363769531,0.7468259930610657
2024-12-01,0.6643900275230408,5.368618965148926,0.706820011138916,0.5861300230026245,5.708799839019775,115.47899627685547,0.7356890439987183
2025-01-01,0.6727399826049805,5.310565948486328,0.7113990187644958,0.5953500270843506,5.762899875640869,113.9800033569336,0.7397599220275879
2025-02-01,0.6673300266265869,5.403223037719727,0.7133600115776062,0.5885800123214722,5.767000198364258,111.24099731445312,0.7418947815895081
2025-03-01,0.6559839844703674,5.408476829528809,0.6879799962043762,0.5755500197410583,5.790800094604492,111.55970001220703,0.7447457909584045
2025-04-01,0.6293460130691528,5.5558319091796875,0.6710460186004639,0.5698999762535095,5.929679870605469,108.7301025390625,0.7643623948097229
2025-05-01,0.6390029788017273,5.576481819152832,0.6832000017166138,0.5752750039100647,6.093200206756592,111.76300048828125,0.7744133472442627
2025-06-01,0.625635027885437,5.621054172515869,0.6682599782943726,0.5712199807167053,6.151671886444092,113.24800109863281,0.783791184425354
2025-07-01,0.6275399923324585,5.53779411315918,0.6751779913902283,0.582069993019104,6.057159900665283,115.1520004272461,0.7717716693878174
2025-08-01,0.6291000247001648,5.603700160980225,0.667110025882721,0.5750700235366821,6.133500099182129,114.6510009765625,0.7817386388778687
